[{"name": "Auguste Giraudon's Artist", "country": "French", "date": " active 1870s"}, {"name": "Aull, Robert", "date": "unknown", "country": "unknown"}, {"name": "Ault, George", "country": "American", "date": " 1891 - 1948"}, {"name": "Auriol, George", "country": "French", "date": " 1863 - 1938"}, {"name": "Aury, Pierre", "country": "Dutch", "date": " active 1672"}, {"name": "Aury, Pierre F.(?)", "country": "Dutch", "date": " active 1672"}, {"name": "Austen, John", "country": "British", "date": " 1886 - 1948"}, {"name": "Austin, Diedre", "country": "second half 20th century", "date": "unknown"}, {"name": "Austin, Frederick George", "country": "British", "date": " born 1902"}, {"name": "Austin, Ralph", "country": "American", "date": " 1912 - 1997"}, {"name": "Austin, Robert Sargent", "country": "British", "date": " 1895 - 1973"}, {"name": "Austrian 12th Century", "date": "unknown", "country": "unknown"}, {"name": "Austrian 14th Century", "date": "unknown", "country": "unknown"}, {"name": "Austrian 15th Century", "date": "unknown", "country": "unknown"}, {"name": "Austrian 16th Century", "date": "unknown", "country": "unknown"}, {"name": "Austrian 17th Century", "date": "unknown", "country": "unknown"}, {"name": "Austrian 18th Century", "date": "unknown", "country": "unknown"}, {"name": "Auvil, Kenneth William", "country": "American", "date": " 1925 - 1999"}, {"name": "Auvray, Pierre-Laurent", "country": "French", "date": " born 1736"}, {"name": "Auwercx, Albert", "country": "Flemish", "date": " active 1657/1680"}, {"name": "Avati, Mario", "country": "French", "date": " born 1921"}, {"name": "Aved, Jacques-Andre-Joseph-Camelot", "country": "French", "date": " 1702 - 1766"}, {"name": "Avedisian, Edward", "country": "American", "date": " born 1936"}, {"name": "Aveline, Antoine", "country": "French", "date": " 1691 - 1743"}, {"name": "Aveline, Francois-Antoine", "country": "French", "date": " 1727 - 1780"}, {"name": "Aveline, Pierre-Alexandre", "country": "French", "date": " probably 1702 - 1760"}, {"name": "Avelli, Francesco Xanto", "country": "Italian", "date": " active 1530/1542"}, {"name": "Avercamp, Hendrick", "country": "Dutch", "date": " 1585 - 1634"}, {"name": "Averlino, Antonio", "country": "Italian", "date": " c. 1400 - 1469"}][{"name": "A. B.", "date": "unknown", "country": "unknown"}, {"name": "Aachen, Hans von", "country": "German", "date": " 1552 - 1615"}, {"name": "Abakanowicz, Magdalena", "country": "Polish", "date": " born 1930"}, {"name": "Abate, Niccol\u00f2 dell'", "country": "Italian", "date": " 1509 or 1512 - 1571"}, {"name": "Abbate, Niccol\u00f2 dell'", "country": "Italian", "date": " 1509 or 1512 - 1571"}, {"name": "Abbati, Pietro Giovanni", "country": "Italian", "date": " active 1700/1710"}, {"name": "Abbatini, Guido Ubaldo", "country": "Italian", "date": " c. 1600 - 1656"}, {"name": "Abbe, Elfriede Martha", "country": "American", "date": " born 1919"}, {"name": "Abb\u00e9, Salomon van", "country": "British", "date": " 1883 - 1955"}, {"name": "Abbe, William Parker", "country": "American", "date": " 1916 - 1983"}, {"name": "Abbey, Edwin Austin", "country": "American", "date": " 1852 - 1911"}, {"name": "Abbiati, Giuseppe", "country": "Italian", "date": " active 1730s"}, {"name": "Abbot, John", "country": "American", "date": " 1751 - 1839"}, {"name": "Abbott, Berenice", "country": "American", "date": " 1898 - 1991"}, {"name": "Abbott, John White", "country": "British", "date": " 1763 - 1851"}, {"name": "Abbott, Lemuel Francis", "country": "British", "date": " c. 1755/1761 - 1802"}, {"name": "Abe, Nobuya", "country": "Japanese", "date": " born 1913"}, {"name": "Abel, Mike", "country": "American", "date": " 1904 - 1946"}, {"name": "Abel, Myer", "country": "American", "date": " 1904 - 1946"}, {"name": "Abelman, Ida York", "country": "American", "date": " born 1910"}, {"name": "Abels, Jacobus Theodorus", "country": "Dutch", "date": " 1803 - 1866"}, {"name": "Abel-Truchet", "country": "French", "date": " 1857 - 1919"}, {"name": "Aberdeen, Harry G.", "country": "American", "date": " active c. 1935"}, {"name": "Abondio, Antonio", "country": "Italian", "date": " 1538 - 1591"}, {"name": "Abraham, Tancr\u00e8de", "country": "French", "date": " 1836 - 1895"}, {"name": "Abrahami, Elie", "country": "Iranian", "date": " born 1941"}, {"name": "Abramovitz, Albert", "date": " 1879 - 1963", "country": "American born Russia"}, {"name": "Abramowitz, Ben", "country": "American", "date": " 1917 - 2011"}, {"name": "Abramowitz, Benjamin", "country": "American", "date": " 1917 - 2011"}][{"name": "A. B.", "date": "unknown", "country": "unknown"}, {"name": "Aachen, Hans von", "country": "German", "date": " 1552 - 1615"}, {"name": "Abakanowicz, Magdalena", "country": "Polish", "date": " born 1930"}, {"name": "Abate, Niccol\u00f2 dell'", "country": "Italian", "date": " 1509 or 1512 - 1571"}, {"name": "Abbate, Niccol\u00f2 dell'", "country": "Italian", "date": " 1509 or 1512 - 1571"}, {"name": "Abbati, Pietro Giovanni", "country": "Italian", "date": " active 1700/1710"}, {"name": "Abbatini, Guido Ubaldo", "country": "Italian", "date": " c. 1600 - 1656"}, {"name": "Abbe, Elfriede Martha", "country": "American", "date": " born 1919"}, {"name": "Abb\u00e9, Salomon van", "country": "British", "date": " 1883 - 1955"}, {"name": "Abbe, William Parker", "country": "American", "date": " 1916 - 1983"}, {"name": "Abbey, Edwin Austin", "country": "American", "date": " 1852 - 1911"}, {"name": "Abbiati, Giuseppe", "country": "Italian", "date": " active 1730s"}, {"name": "Abbot, John", "country": "American", "date": " 1751 - 1839"}, {"name": "Abbott, Berenice", "country": "American", "date": " 1898 - 1991"}, {"name": "Abbott, John White", "country": "British", "date": " 1763 - 1851"}, {"name": "Abbott, Lemuel Francis", "country": "British", "date": " c. 1755/1761 - 1802"}, {"name": "Abe, Nobuya", "country": "Japanese", "date": " born 1913"}, {"name": "Abel, Mike", "country": "American", "date": " 1904 - 1946"}, {"name": "Abel, Myer", "country": "American", "date": " 1904 - 1946"}, {"name": "Abelman, Ida York", "country": "American", "date": " born 1910"}, {"name": "Abels, Jacobus Theodorus", "country": "Dutch", "date": " 1803 - 1866"}, {"name": "Abel-Truchet", "country": "French", "date": " 1857 - 1919"}, {"name": "Aberdeen, Harry G.", "country": "American", "date": " active c. 1935"}, {"name": "Abondio, Antonio", "country": "Italian", "date": " 1538 - 1591"}, {"name": "Abraham, Tancr\u00e8de", "country": "French", "date": " 1836 - 1895"}, {"name": "Abrahami, Elie", "country": "Iranian", "date": " born 1941"}, {"name": "Abramovitz, Albert", "date": " 1879 - 1963", "country": "American born Russia"}, {"name": "Abramowitz, Ben", "country": "American", "date": " 1917 - 2011"}, {"name": "Abramowitz, Benjamin", "country": "American", "date": " 1917 - 2011"}][{"name": "Abrams, Ross", "country": "American", "date": " born 1920"}, {"name": "Abrams, Ruth", "country": "American", "date": " active c. 1935"}, {"name": "Abrams, William Ross", "country": "American", "date": " born 1920"}, {"name": "Abranos, Nino", "country": "Italian", "date": " active 1955"}, {"name": "Abreu, Angel", "date": "unknown", "country": "unknown"}, {"name": "Abts, Tomma", "country": "German", "date": " born 1967"}, {"name": "Abularach, Rodolfo", "country": "Guatemalan", "date": " born 1933"}, {"name": "Acampora, Nicholas", "country": "American", "date": " active c. 1935"}, {"name": "Acconci, Vito", "country": "American", "date": " born 1940"}, {"name": "Achen, Johann von", "country": "German", "date": " 1552 - 1615"}, {"name": "Achenbach, Hans", "country": "German", "date": " born 1891"}, {"name": "Achepohl, Keith Anden", "country": "American", "date": " born 1934"}, {"name": "Achimescu, Bogdan", "country": "Romanian", "date": " born 1965"}, {"name": "Ackerman, Michael", "country": "American", "date": " born 1967"}, {"name": "Ackermann, Max", "country": "German", "date": " 1887 - 1975"}, {"name": "Ackermann, Peter", "country": "German", "date": " 1934 - 2007"}, {"name": "Ackermann, Rudolf Werner", "country": "German", "date": " born 1908"}, {"name": "Ackroyd, Norman", "country": "British", "date": " born 1938"}, {"name": "Acqua, Cristoforo dall'", "country": "Italian", "date": " 1734 - 1787"}, {"name": "Acton, Lillian E.", "country": "American", "date": " born 1911"}, {"name": "Adam", "country": "Unknown", "date": " active probably 18th century"}, {"name": "Adam, Franz", "country": "German", "date": " 1815 - 1886"}, {"name": "Adam, Henri-Georges", "country": "French", "date": " 1904 - 1967"}, {"name": "Adam, Jacob", "country": "Austrian", "date": " 1748 - 1811"}, {"name": "Adam, James", "country": "British", "date": " 1732 - 1794"}, {"name": "Adam, Julius the elder", "country": "German", "date": " 1826 - 1874"}, {"name": "Adam, Robert", "country": "British", "date": " 1728 - 1792"}, {"name": "Adam, Victor", "country": "French", "date": " 1801 - 1866"}, {"name": "Adam, William", "country": "British", "date": " 1689 - 1748"}][{"name": "Adams, Ansel", "country": "American", "date": " 1902 - 1984"}, {"name": "Adams, Ansel Easton", "country": "American", "date": " 1902 - 1984"}, {"name": "Adams, Ben Q.", "country": "American", "date": " active 1970s"}, {"name": "Adams, Clinton", "country": "American", "date": " 1918 - 2002"}, {"name": "Adams, Herbert", "country": "American", "date": " 1858 - 1945"}, {"name": "Adams, Jean Crawford", "country": "American", "date": " 1884 - 1972"}, {"name": "Adams, Kenneth Miller", "country": "American", "date": " 1897 - 1966"}, {"name": "Adams, Robert", "country": "American", "date": " born 1937"}, {"name": "Adams, Ron", "country": "American", "date": "unknown"}, {"name": "Adams, Shelby Lee", "country": "American", "date": " born 1950"}, {"name": "Adams, Wayman", "country": "American", "date": " 1883 - 1959"}, {"name": "Adam-Salomon, Antoine Samuel", "country": "French", "date": " 1811 - 1881"}, {"name": "Adamson, Robert", "country": "Scottish", "date": " 1821 - 1848"}, {"name": "Adan, Louis Emile", "country": "French", "date": " 1839 - 1937"}, {"name": "Adcock, Craig", "country": "active second half 20th century", "date": "unknown"}, {"name": "Addams, Clifford Isaac", "country": "American", "date": " 1876 - 1942"}, {"name": "Adelman, Lillian", "country": "American", "date": " 1899 - 1985"}, {"name": "Ademollo, Luigi", "country": "Italian", "date": " 1764 - 1849"}, {"name": "Ader, Bas Jan", "country": "Dutch", "date": " 1942 - 1975"}, {"name": "Adh\u00e9mar, Jean", "country": "French", "date": " 1908 - 1987"}, {"name": "Adlard, Henry", "country": "British", "date": " active 19th century"}, {"name": "Adler, Lee", "country": "American", "date": "unknown"}, {"name": "Adoian, Vosdanik Manook", "date": " 1904 - 1948", "country": "American born Armenia"}, {"name": "Adriano Fiorentino", "country": "Florentine", "date": " c. 1450/1460 - 1499"}, {"name": "Adzak, Roy", "country": "British", "date": " born 1927"}, {"name": "Aelst, Willem van", "country": "Dutch", "date": " 1627 - 1683"}, {"name": "\"Aetatis Suae\" Limner", "country": "American", "date": " active c. 1717 - 1725"}, {"name": "Affleck, Andrew F.", "country": "British", "date": "unknown"}, {"name": "Afro", "country": "Italian", "date": " 1912 - 1976"}][{"name": "Aftograf", "country": "Russian", "date": " active 20th century"}, {"name": "Agar, Charles d'", "country": "French", "date": " born 1669"}, {"name": "Agazzi, Carlo Paolo", "country": "Italian", "date": " 1870 - 1922"}, {"name": "Agliaudo, Ignazio", "country": "Italian", "date": " active 1737"}, {"name": "Aglio, Agostino", "country": "British", "date": " 1777 - 1859"}, {"name": "Aglio, Augustine", "country": "British", "date": " 1777 - 1859"}, {"name": "Agnolo, Battista dell'", "country": "Italian", "date": " c. 1515 - 1573"}, {"name": "Agostino di Duccio", "country": "Florentine", "date": " 1418 - probably 1481"}, {"name": "Agricola, Eduard", "country": "German", "date": " 1800 - 1848"}, {"name": "Agrippa, Giovanni Guido", "country": "Venetian", "date": " active from c. 1501"}, {"name": "Aguero, Leopoldo Torres", "country": "Argentinean", "date": " born 1924"}, {"name": "Aguilonius, Franciscus", "country": "Flemish", "date": " 1567 - 1617"}, {"name": "Ah, Quah", "country": "American", "date": " 1895 - 1949"}, {"name": "Ai Ch'i-meng", "country": "German", "date": " 1708 - 1780"}, {"name": "Aid, George Charles", "country": "American", "date": " 1872 - 1938"}, {"name": "Aikman, Walter Monteith", "country": "American", "date": " 1857 - probably 1939"}, {"name": "Aitken, Robert Ingersoll", "country": "American", "date": " 1878 - 1949"}, {"name": "Ajay, Abe", "country": "American", "date": " 1919 - 1998"}, {"name": "Akagawa, Kinji", "country": "American", "date": " active 20th century"}, {"name": "Akana, Hiroshi", "country": "Japanese", "date": " active 1960"}, {"name": "Aken, Jan van", "country": "Dutch", "date": " 1614 - 1661"}, {"name": "Aken, Johann von", "country": "German", "date": " 1552 - 1615"}, {"name": "Akers, Frank", "country": "American", "date": "unknown"}, {"name": "Akersloot, Willem Outgertsz", "country": "Dutch", "date": " active 1620/1634"}, {"name": "Akhunov, Masabikh Fatkhylilamovich", "country": "Russian", "date": " born 1928"}, {"name": "Alain, Marie", "country": "American", "date": " active c. 1935"}, {"name": "Alais, W. J.", "date": "unknown", "country": "unknown"}, {"name": "Alari Bonacolsi, Pier Jacopo", "country": "Mantuan", "date": " c. 1460 - 1528"}, {"name": "Albani, Francesco", "country": "Bolognese", "date": " 1578 - 1660"}][{"name": "Albe, Gerhard Albin", "country": "Swedish", "date": " born 1892"}, {"name": "Albee, Grace Thurston Arnold", "country": "American", "date": " 1890 - 1985"}, {"name": "Albee, Percy F.", "country": "American", "date": " 1883 - 1959"}, {"name": "Albee, P. Frederick Jr.", "country": "American", "date": " 1914 - 1999"}, {"name": "Alberghetti, Zanin I", "country": "Ferrarese", "date": " active 1491/1504"}, {"name": "Alberghetti, Zuanne I (Zanin)", "country": "Ferrarese", "date": " active 1491/1504"}, {"name": "Alberghetti I, Giovanni", "country": "Ferrarese", "date": " active 1491/1504"}, {"name": "Albers, Anni", "date": " 1899 - 1994", "country": "American born Germany"}, {"name": "Albers, Anton", "country": "German", "date": " 1765 - 1844"}, {"name": "Albers, Josef", "date": " 1888 - 1976", "country": "American born Germany"}, {"name": "Albers, Rita E.", "country": "American", "date": " 1914 - 1974"}, {"name": "Albert, Adolphe", "country": "French", "date": " 1855 - after 1938"}, {"name": "Albertazi, Gaetano", "country": "Italian", "date": " possibly active 15th or early 16th century"}, {"name": "Alberti, Cherubino", "country": "Roman", "date": " 1553 - 1615"}, {"name": "Alberti, Giovanni", "country": "Roman", "date": " 1558 - 1601"}, {"name": "Alberti, Leone Battista", "country": "Florentine", "date": " 1404 - 1472"}, {"name": "Albertolli, Ferdinando", "country": "Italian", "date": " 1781 - 1844"}, {"name": "Albertolli, Giocondo", "country": "Italian", "date": " 1742 - 1839"}, {"name": "Albertolli, Raffaeli", "country": "Italian", "date": " 1770 - 1812"}, {"name": "Alberts, Julien", "country": "American", "date": " 1916 - 1996"}, {"name": "Albiker, Karl", "country": "German", "date": " born 1878"}, {"name": "Albin, Eleazar", "country": "British", "date": " active 1713/1759"}, {"name": "Albin-Guillot, Laure", "country": "French", "date": " 1881 - 1962"}, {"name": "Albinson, Dewey", "country": "American", "date": " 1898 - 1971"}, {"name": "Albinus, Bernard Siegfried", "country": "Dutch", "date": "unknown"}, {"name": "Albites, Felice", "country": "Italian", "date": " c. 1778 - 1811"}, {"name": "Albright, Gertrude Partington", "country": "American", "date": " 1874 - 1959"}, {"name": "Albright, Herman Oliver", "date": " 1876 - 1944", "country": "American born Germany"}, {"name": "Albright, Ivan Le Lorraine", "country": "American", "date": " 1897 - 1983"}][{"name": "Albright, Malvin Marr", "country": "American", "date": " 1897 - 1983"}, {"name": "Albritton, Edward", "country": "American", "date": " active c. 1935"}, {"name": "Albro, Maxine", "country": "American", "date": " 1903 - 1966"}, {"name": "Alc\u00e1zar, Luis Paret y", "country": "Spanish", "date": " 1746 - 1799"}, {"name": "Aldan, Daisy", "country": "American", "date": " 1923 - 2001"}, {"name": "Aldegrever, Heinrich", "country": "German", "date": " 1502 - 1555/1561"}, {"name": "Aldrich, Adolf", "country": "American", "date": " 1916 - 2010"}, {"name": "Aleaume, Jacques", "country": "French", "date": " died probably 1627"}, {"name": "Alechinsky, Pierre", "country": "Belgian", "date": " born 1927"}, {"name": "Alessandri, Innocente", "country": "Italian", "date": " 1741 - 1803"}, {"name": "Alexander, Doris", "country": "American", "date": " 1906 - 1995"}, {"name": "Alexander, Dorothy", "country": "Canadian", "date": " active 20th century"}, {"name": "Alexander, Eleanor", "country": "American", "date": " active c. 1935"}, {"name": "Alexander, Esther Frances", "country": "American", "date": " 1837 - 1917"}, {"name": "Alexander, Francesca", "country": "American", "date": " 1837 - 1917"}, {"name": "Alexander, Francis", "country": "American", "date": " 1800 - 1880"}, {"name": "Alexander, George H.", "country": "American", "date": " active c. 1935"}, {"name": "Alexander, Harry G.", "country": "American", "date": " active c. 1935"}, {"name": "Alexander, Peter", "country": "American", "date": " born 1939"}, {"name": "Alexander, William", "country": "British", "date": " 1767 - 1816"}, {"name": "Alexandrian 1st Century B.C.", "date": "unknown", "country": "unknown"}, {"name": "Alexandrian 2nd Century B.C.", "date": "unknown", "country": "unknown"}, {"name": "Alfonzo, Carlos", "country": "Cuban", "date": " 1950 - 1991"}, {"name": "Algardi, Alessandro", "country": "Bolognese-Roman", "date": " 1598 - 1654"}, {"name": "Aliamet, Jacques", "country": "French", "date": " 1726 - 1788"}, {"name": "Alix, Fran\u00e7ois", "country": "French", "date": " 1753 - 1794"}, {"name": "Alix, Pierre-Michel", "country": "French", "date": " 1762 - 1817"}, {"name": "Alken, Samuel", "country": "British", "date": " 1756 - 1815"}, {"name": "Allais, Angelique", "country": "French", "date": " active 18th century"}][{"name": "Allan, William", "country": "Scottish", "date": " 1782 - 1850"}, {"name": "Allard, Carel", "country": "Netherlandish", "date": " 1648 - 1709"}, {"name": "Allard, Hermann", "country": "Dutch", "date": " 1572 - 1652"}, {"name": "Allard-Cambray, Celestin", "country": "French", "date": " active 19th century"}, {"name": "Allardet", "country": "French? 18th century", "date": "unknown"}, {"name": "Allartsz, Hermann", "country": "Dutch", "date": " 1572 - 1652"}, {"name": "Allartz, Hermann", "country": "Dutch", "date": " 1572 - 1652"}, {"name": "Allegretto di Nuzi", "country": "Umbrian", "date": " active from c. 1340; died 1373"}, {"name": "Allegretto di Nuzio", "country": "Umbrian", "date": " active from c. 1340; died 1373"}, {"name": "Allegretto Nuzi", "country": "Umbrian", "date": " active from c. 1340; died 1373"}, {"name": "Allegri, Antonio", "country": "Parmese", "date": " 1489/1494 - 1534"}, {"name": "Allegrini, Francesco", "country": "Italian", "date": " c. 1615 - after 1679"}, {"name": "Allen, Albert", "country": "American", "date": " active c. 1935"}, {"name": "Allen, Anne", "country": "French", "date": " active 1790s"}, {"name": "Allen, Courtney", "country": "American", "date": " born 1896"}, {"name": "Allen, Eldon", "country": "American", "date": " active c. 1935"}, {"name": "Allen, James", "country": "American", "date": " active 1970s"}, {"name": "Allen, James E.", "country": "American", "date": " 1894 - 1964"}, {"name": "Allen, Joseph", "country": "British", "date": " c. 1770 - 1839"}, {"name": "Allen, Luther", "country": "American", "date": " 1780 - 1821"}, {"name": "Allen, Mariette Pathy", "country": "American", "date": "unknown"}, {"name": "Allet, Giovanni", "country": "French", "date": " c. 1668 - 1732"}, {"name": "Allet, Jean Charles", "country": "French", "date": " c. 1668 - 1732"}, {"name": "Allom, Thomas", "country": "British", "date": " 1804 - 1872"}, {"name": "Allori, Alessandro", "country": "Florentine", "date": " 1535 - 1607"}, {"name": "Allori, Alessandro di Cristofano di Lorenzo", "country": "Florentine", "date": " 1535 - 1607"}, {"name": "Allston, Washington", "country": "American", "date": " 1779 - 1843"}, {"name": "Alma-Tadema, Laura Theresa", "country": "British", "date": " 1852 - 1909"}, {"name": "Alma-Tadema, Lawrence", "country": "British", "date": " 1836 - 1912"}][{"name": "Alma-Tadema, Lawrence, Sir", "country": "British", "date": " 1836 - 1912"}, {"name": "Almgren, Jenny", "country": "American", "date": " 1881 - 1962"}, {"name": "Almond, Darren", "country": "British", "date": " born 1971"}, {"name": "Aloisi, Anna", "date": " died early 1950s", "country": "American born c. 1890"}, {"name": "Alps, Glen Earl", "country": "American", "date": " 1914 - 1996"}, {"name": "Alston, Charles", "country": "American", "date": " 1907 - 1977"}, {"name": "Alt, Jakob", "country": "German", "date": " 1789 - 1872"}, {"name": "Alt, Jaroslav", "country": "Czech", "date": " born 1950"}, {"name": "Alt, Rudolf von", "country": "Austrian", "date": " 1812 - 1905"}, {"name": "Altdorfer, Albrecht", "country": "German", "date": " 1480 or before - 1538"}, {"name": "Altdorfer, Erhard", "country": "German", "date": " active 1512/1561"}, {"name": "Altdorffer, Erhard", "country": "German", "date": " active 1512/1561"}, {"name": "Altenbourg, Gerhard", "country": "German", "date": " 1926 - 1989"}, {"name": "Altichiero da Zevio", "country": "Veronese", "date": " active c. 1369 - 1388"}, {"name": "Altman, Harold", "country": "American", "date": " 1924 - 2003"}, {"name": "Altmann, Jir\u00ed", "country": "Czech", "date": " born 1942"}, {"name": "Altomonte, Andreas", "country": "Austrian", "date": " 1699 - 1780"}, {"name": "Altomonte, Martino", "country": "Austrian", "date": " 1657 - 1745"}, {"name": "Altoon, John", "country": "American", "date": " 1925 - 1969"}, {"name": "Altoviti, Giovanni", "country": "Italian", "date": " active 17th century"}, {"name": "Altshuler, Murray", "country": "American", "date": " 1907 - 1987"}, {"name": "Alvarez, Francisco", "country": "American", "date": " active c. 1935"}, {"name": "\u00c1lvarez Bravo, Lola", "country": "Mexican", "date": " 1907 - 2007"}, {"name": "Alvarez Bravo, Manuel", "country": "Mexican", "date": " 1902 - 2002"}, {"name": "Alvise dal Friso", "country": "Veronese", "date": " c. 1544 - 1609"}, {"name": "Alward, Linnet", "country": "American", "date": " active c. 1935"}, {"name": "Amadei, Amadio", "country": "Ferrarese", "date": " died c. 1483"}, {"name": "Amadei, Filippo", "country": "Italian", "date": " active 1690 - 1730"}, {"name": "Amadeo, Giovanni Antonio", "country": "Lombard", "date": " c. 1447 - 1522"}][{"name": "Anacreon", "country": "Greek", "date": " born c. 570 B.C."}, {"name": "Anastasi, William", "country": "American", "date": " born 1933"}, {"name": "Anchel, Harold", "country": "American", "date": " born 1937"}, {"name": "Ancourt, Edouard", "country": "French", "date": " active 1860s/1890s"}, {"name": "Anderle, Jir\u00ed", "country": "Czech", "date": " born 1936"}, {"name": "Andersen, Niels Yde", "country": "American", "date": " born 1888"}, {"name": "Anderson, Alexander", "country": "American", "date": " active c. 1935"}, {"name": "Anderson, Alfred Charles Stanley", "country": "British", "date": " 1884 - 1966"}, {"name": "Anderson, Carlos", "country": "American", "date": " 1905 - 1978"}, {"name": "Anderson, Clarence William", "country": "American", "date": " 1891 - 1971"}, {"name": "Anderson, Elmer G.", "country": "American", "date": " active c. 1935"}, {"name": "Anderson, Frank Hartley", "country": "American", "date": " 1890 - 1947"}, {"name": "Anderson, Hjordis (Ethel)", "country": "American", "date": " 1916 - 1983"}, {"name": "Anderson, James", "country": "British", "date": " 1813 - 1877"}, {"name": "Anderson, John O.", "country": "American", "date": " active 1880 - 1892"}, {"name": "Anderson, Paul L.", "country": "American", "date": " 1880 - 1956"}, {"name": "Anderson, Stanley", "country": "British", "date": " 1884 - 1966"}, {"name": "Anderson, Steve", "date": "unknown", "country": "unknown"}, {"name": "Anderson, Therkel", "country": "American", "date": " active c. 1935"}, {"name": "Anderson, Walter", "country": "American", "date": " 1903 - 1965"}, {"name": "Anderson, Walter Inglis", "country": "American", "date": " 1903 - 1965"}, {"name": "Andersson, Mamma", "country": "Swedish", "date": " born 1962"}, {"name": "Andlau, Helene d'", "country": "French", "date": " born 1919"}, {"name": "Ando, Chieko", "country": "Japanese", "date": " active 20th century"}, {"name": "Andoe, Joe", "country": "American", "date": " born 1955"}, {"name": "Andr. Cramerus Iun. Magdeb.", "date": "unknown", "country": "unknown"}, {"name": "Andr\u00e9, Albert", "country": "French", "date": " 1869 - 1954"}, {"name": "Andr\u00e9, Alfred", "country": "French", "date": " 1839 - 1919"}, {"name": "Andre, Carl", "country": "American", "date": " born 1935"}][{"name": "Andrea, Nicolaus", "country": "German", "date": " active c. 1573 - 1606"}, {"name": "Andrea, Zoan", "country": "Italian", "date": " active c. 1475/1519"}, {"name": "Andrea d'Agnolo", "country": "Italian", "date": " 1486 - 1530"}, {"name": "Andrea del Castagno", "country": "Italian", "date": " before 1419 - 1457"}, {"name": "Andrea di Bartolo", "country": "Italian", "date": " active  from 1389 - died 1428"}, {"name": "Andrea di Cione", "country": "Italian", "date": " active 1343 - 1368"}, {"name": "Andreani, Andrea", "country": "Italian", "date": " 1558/1559 - 1629"}, {"name": "Andre-Bardon, Michel-Francois d'", "country": "French", "date": " 1700 - 1783"}, {"name": "Andree, Johann Anton", "country": "German", "date": " 1775 - 1842"}, {"name": "Andreoli, Giorgio di Pietro", "country": "Italian", "date": " c. 1465/1470 - c. 1553"}, {"name": "Andreoli, Vincenzo", "country": "Italian", "date": "unknown"}, {"name": "Andreoli of Gubbio, Giorgio, Maestro", "country": "Italian", "date": " c. 1465/1470 - c. 1553"}, {"name": "Andreu, Mariano", "country": "Spanish", "date": " born 1888"}, {"name": "Andrew, George T.", "country": "American", "date": " 1843 - active 1881"}, {"name": "Andrew, John", "country": "American", "date": " 1815 - 1870"}, {"name": "Andrews, Julia", "country": "American", "date": " active 20th century"}, {"name": "Andrews, Mari", "country": "active second half 20th century", "date": "unknown"}, {"name": "Andrews, Sybil", "country": "British", "date": " 1898 - 1992"}, {"name": "Andrieu, Pierre", "country": "French", "date": " 1821 - 1892"}, {"name": "Androuet du Cerceau I, Jacques", "country": "French", "date": " 1520 - 1585/1586"}, {"name": "Andrus, James Roman", "country": "American", "date": " 1907 - 1993"}, {"name": "Andrus, Vera", "country": "American", "date": " 1896 - 1979"}, {"name": "Anet, Claude", "country": "Swiss", "date": " 1868 - 1931"}, {"name": "Angarola, Anthony", "country": "American", "date": " 1893 - 1929"}, {"name": "Angeli, Battista dell'", "country": "Italian", "date": " c. 1515 - 1573"}, {"name": "Angeli, Giuseppe", "country": "Italian", "date": " 1712 - 1798"}, {"name": "Angelico, Fra", "country": "Italian", "date": " c. 1395 - 1455"}, {"name": "Angelis, Pietro de", "country": "Italian", "date": " c. 1730s - 1800 or later"}, {"name": "Angelo, Battista dell'", "country": "Italian", "date": " c. 1515 - 1573"}][{"name": "Angelo, Michael Valenti", "country": "American", "date": " 1897 - 1982"}, {"name": "Angelo, Valenti", "country": "American", "date": " 1897 - 1982"}, {"name": "Angeloch, Robert", "country": "American", "date": " born 1922"}, {"name": "Angolo del Moro, Battista", "country": "Italian", "date": " c. 1515 - 1573"}, {"name": "Anguier, Michel", "country": "French", "date": " 1612 - 1686"}, {"name": "Angulo, Jaime de", "country": "American", "date": " 1887 - 1950"}, {"name": "Angus, Charlotte", "country": "American", "date": " 1911 - 1989"}, {"name": "Angus, William", "country": "British", "date": " 1751 or 1752 - 1821"}, {"name": "Anisfield, Boris", "country": "American", "date": " 1897 - 1973"}, {"name": "Annan, James Craig", "country": "British", "date": " 1864 - 1946"}, {"name": "Annan, Thomas", "country": "Scottish", "date": " 1829 - 1887"}, {"name": "Annanel, M.", "date": "unknown", "country": "unknown"}, {"name": "Annette, Ina", "country": "American", "date": " 1901 - 1990"}, {"name": "Annino, Louis", "country": "American", "date": " active c. 1935"}, {"name": "Annis, W.T.", "country": "British", "date": " active early 19th century"}, {"name": "Anonymous American 18th Century", "date": "unknown", "country": "unknown"}, {"name": "Anonymous American 19th Century", "date": "unknown", "country": "unknown"}, {"name": "Anonymous American 20th Century", "date": "unknown", "country": "unknown"}, {"name": "Anonymous Antwerp 16th Century", "date": "unknown", "country": "unknown"}, {"name": "Anonymous Artist", "date": "unknown", "country": "unknown"}, {"name": "Anonymous Augsburg 16th Century", "date": "unknown", "country": "unknown"}, {"name": "Anonymous Austrian 12th Century", "date": "unknown", "country": "unknown"}, {"name": "Anonymous Austrian 14th Century", "date": "unknown", "country": "unknown"}, {"name": "Anonymous Austrian 15th Century", "date": "unknown", "country": "unknown"}, {"name": "Anonymous Austrian 16th Century", "date": "unknown", "country": "unknown"}, {"name": "Anonymous Austrian 17th Century", "date": "unknown", "country": "unknown"}, {"name": "Anonymous Austrian 18th Century", "date": "unknown", "country": "unknown"}, {"name": "Anonymous Belgian 19th Century", "date": "unknown", "country": "unknown"}, {"name": "Anonymous Bohemian 15th Century", "date": "unknown", "country": "unknown"}][{"name": "Anonymous Bohemian 17th Century", "date": "unknown", "country": "unknown"}, {"name": "Anonymous Bolognese 15th Century", "date": "unknown", "country": "unknown"}, {"name": "Anonymous Bolognese 16th Century", "date": "unknown", "country": "unknown"}, {"name": "Anonymous British 16th Century", "date": "unknown", "country": "unknown"}, {"name": "Anonymous British 17th Century", "date": "unknown", "country": "unknown"}, {"name": "Anonymous British 18th Century", "date": "unknown", "country": "unknown"}, {"name": "Anonymous British 19th Century", "date": "unknown", "country": "unknown"}, {"name": "Anonymous British 20th Century", "date": "unknown", "country": "unknown"}, {"name": "Anonymous Bulgarian 19th Century", "date": "unknown", "country": "unknown"}, {"name": "Anonymous Byzantine 13th Century", "date": "unknown", "country": "unknown"}, {"name": "Anonymous Carmagnola 15th Century", "date": "unknown", "country": "unknown"}, {"name": "Anonymous Central Italian 15th Century", "date": "unknown", "country": "unknown"}, {"name": "Anonymous Central Italian 16th Century", "date": "unknown", "country": "unknown"}, {"name": "Anonymous Chinese Liao Dynasty", "date": "unknown", "country": "unknown"}, {"name": "Anonymous Chinese Ming Dynasty", "date": "unknown", "country": "unknown"}, {"name": "Anonymous Chinese Northern Song Dynasty", "date": "unknown", "country": "unknown"}, {"name": "Anonymous Chinese Qing Dynasty", "date": "unknown", "country": "unknown"}, {"name": "Anonymous Chinese Republic", "date": "unknown", "country": "unknown"}, {"name": "Anonymous Chinese Song Dynasty", "date": "unknown", "country": "unknown"}, {"name": "Anonymous Chinese Southern Song Dynasty", "date": "unknown", "country": "unknown"}, {"name": "Anonymous Chinese Tang Dynasty", "date": "unknown", "country": "unknown"}, {"name": "Anonymous Deruta 16th Century", "date": "unknown", "country": "unknown"}, {"name": "Anonymous Dutch 16th Century", "date": "unknown", "country": "unknown"}, {"name": "Anonymous Dutch 17th Century", "date": "unknown", "country": "unknown"}, {"name": "Anonymous Dutch 18th Century", "date": "unknown", "country": "unknown"}, {"name": "Anonymous Egyptian 2nd Century", "date": "unknown", "country": "unknown"}, {"name": "Anonymous Egyptian Ptolemaic Period", "date": "unknown", "country": "unknown"}, {"name": "Anonymous Emilian 16th Century", "date": "unknown", "country": "unknown"}, {"name": "Anonymous English 12th Century", "date": "unknown", "country": "unknown"}][{"name": "Anonymous English 13th Century", "date": "unknown", "country": "unknown"}, {"name": "Anonymous English 14th Century", "date": "unknown", "country": "unknown"}, {"name": "Anonymous English 15th Century", "date": "unknown", "country": "unknown"}, {"name": "Anonymous Ethiopian 18th/20th Century", "date": "unknown", "country": "unknown"}, {"name": "Anonymous European 18th Century", "date": "unknown", "country": "unknown"}, {"name": "Anonymous Fabriczy", "country": "Netherlandish", "date": " active second half 16th century"}, {"name": "Anonymous Ferrarese 15th Century", "date": "unknown", "country": "unknown"}, {"name": "Anonymous Ferrarese 16th Century", "date": "unknown", "country": "unknown"}, {"name": "Anonymous Flemish 15th Century", "date": "unknown", "country": "unknown"}, {"name": "Anonymous Flemish 16th Century", "date": "unknown", "country": "unknown"}, {"name": "Anonymous Flemish 17th Century", "date": "unknown", "country": "unknown"}, {"name": "Anonymous Florentine 15th Century", "country": "Italian", "date": " 15th century"}, {"name": "Anonymous Florentine 16th Century", "country": "Italian", "date": " 16th century"}, {"name": "Anonymous Florentine 19th Century", "country": "Italian", "date": " 19th century"}, {"name": "Anonymous Franco-Flemish 15th Century", "date": "unknown", "country": "unknown"}, {"name": "Anonymous Franco-Flemish 16th Century", "date": "unknown", "country": "unknown"}, {"name": "Anonymous French 12th Century", "date": "unknown", "country": "unknown"}, {"name": "Anonymous French 13th Century", "date": "unknown", "country": "unknown"}, {"name": "Anonymous French 14th Century", "date": "unknown", "country": "unknown"}, {"name": "Anonymous French 15th Century", "date": "unknown", "country": "unknown"}, {"name": "Anonymous French 16th Century", "date": "unknown", "country": "unknown"}, {"name": "Anonymous French 17th Century", "date": "unknown", "country": "unknown"}, {"name": "Anonymous French 18th Century", "date": "unknown", "country": "unknown"}, {"name": "Anonymous French 19th Century", "date": "unknown", "country": "unknown"}, {"name": "Anonymous French 20th Century", "date": "unknown", "country": "unknown"}, {"name": "Anonymous German 12th Century", "date": "unknown", "country": "unknown"}, {"name": "Anonymous German 13th Century", "date": "unknown", "country": "unknown"}, {"name": "Anonymous German 14th Century", "date": "unknown", "country": "unknown"}, {"name": "Anonymous German 15th Century", "date": "unknown", "country": "unknown"}][{"name": "Anonymous German 16th Century", "date": "unknown", "country": "unknown"}, {"name": "Anonymous German 17th Century", "date": "unknown", "country": "unknown"}, {"name": "Anonymous German 18th Century", "date": "unknown", "country": "unknown"}, {"name": "Anonymous German 19th Century", "date": "unknown", "country": "unknown"}, {"name": "Anonymous German 20th Century", "date": "unknown", "country": "unknown"}, {"name": "Anonymous Gubbio 16th Century", "date": "unknown", "country": "unknown"}, {"name": "Anonymous Hellenistic 2nd Century B.C./1st Century A.D", "date": "unknown", "country": "unknown"}, {"name": "Anonymous Isfahan 17th Century", "date": "unknown", "country": "unknown"}, {"name": "Anonymous Italian", "date": "unknown", "country": "unknown"}, {"name": "Anonymous Italian 11th Century", "date": "unknown", "country": "unknown"}, {"name": "Anonymous Italian 12th Century", "date": "unknown", "country": "unknown"}, {"name": "Anonymous Italian 13th Century", "date": "unknown", "country": "unknown"}, {"name": "Anonymous Italian 14th Century", "date": "unknown", "country": "unknown"}, {"name": "Anonymous Italian 15th Century", "date": "unknown", "country": "unknown"}, {"name": "Anonymous Italian 16th/19th Century", "date": "unknown", "country": "unknown"}, {"name": "Anonymous Italian 16th Century", "date": "unknown", "country": "unknown"}, {"name": "Anonymous Italian 17th/19th Century", "date": "unknown", "country": "unknown"}, {"name": "Anonymous Italian 17th Century", "date": "unknown", "country": "unknown"}, {"name": "Anonymous Italian 18th Century", "date": "unknown", "country": "unknown"}, {"name": "Anonymous Italian 19th Century", "date": "unknown", "country": "unknown"}, {"name": "Anonymous Italian 20th Century", "date": "unknown", "country": "unknown"}, {"name": "Anonymous Italian or French", "date": "unknown", "country": "unknown"}, {"name": "Anonymous Japanese 13th Century", "date": "unknown", "country": "unknown"}, {"name": "Anonymous Japanese 19th Century", "date": "unknown", "country": "unknown"}, {"name": "Anonymous Japanese Edo Period", "date": "unknown", "country": "unknown"}, {"name": "Anonymous Kashan 16th Century", "date": "unknown", "country": "unknown"}, {"name": "Anonymous Korean Koryo Dynasty", "date": "unknown", "country": "unknown"}, {"name": "Anonymous Lombard 15th Century", "date": "unknown", "country": "unknown"}, {"name": "Anonymous Lombard 16th Century", "date": "unknown", "country": "unknown"}][{"name": "Anonymous Mantuan 15th Century", "date": "unknown", "country": "unknown"}, {"name": "Anonymous Mantuan 16th Century", "date": "unknown", "country": "unknown"}, {"name": "Anonymous Mantuan 19th Century", "date": "unknown", "country": "unknown"}, {"name": "Anonymous Mexican 18th Century", "date": "unknown", "country": "unknown"}, {"name": "Anonymous Milanese 15th Century", "date": "unknown", "country": "unknown"}, {"name": "Anonymous Milanese 16th Century", "date": "unknown", "country": "unknown"}, {"name": "Anonymous Mosan 12th Century", "date": "unknown", "country": "unknown"}, {"name": "Anonymous Mosan 13th Century", "date": "unknown", "country": "unknown"}, {"name": "Anonymous Nancy 16th Century", "date": "unknown", "country": "unknown"}, {"name": "Anonymous Neapolitan 15th Century", "date": "unknown", "country": "unknown"}, {"name": "Anonymous Neapolitan 16th Century", "date": "unknown", "country": "unknown"}, {"name": "Anonymous Neapolitan 19th/20th Century", "date": "unknown", "country": "unknown"}, {"name": "Anonymous Netherlandish 14th Century", "date": "unknown", "country": "unknown"}, {"name": "Anonymous Netherlandish 15th Century", "date": "unknown", "country": "unknown"}, {"name": "Anonymous Netherlandish 16th Century", "date": "unknown", "country": "unknown"}, {"name": "Anonymous Netherlandish 17th Century", "date": "unknown", "country": "unknown"}, {"name": "Anonymous Netherlandish 18th Century", "date": "unknown", "country": "unknown"}, {"name": "Anonymous Netherlandish 20th Century", "date": "unknown", "country": "unknown"}, {"name": "Anonymous North Italian 14th Century", "date": "unknown", "country": "unknown"}, {"name": "Anonymous North Italian 15th Century", "date": "unknown", "country": "unknown"}, {"name": "Anonymous North Italian 16th Century", "date": "unknown", "country": "unknown"}, {"name": "Anonymous North Italian 17th Century", "date": "unknown", "country": "unknown"}, {"name": "Anonymous North Netherlandish 15th Century", "date": "unknown", "country": "unknown"}, {"name": "Anonymous Norwegian 19th Century", "date": "unknown", "country": "unknown"}, {"name": "Anonymous Nuremberg 15th Century", "date": "unknown", "country": "unknown"}, {"name": "Anonymous Paduan 15th Century", "date": "unknown", "country": "unknown"}, {"name": "Anonymous Paduan 16th Century", "date": "unknown", "country": "unknown"}, {"name": "Anonymous Parisian 15th Century", "date": "unknown", "country": "unknown"}, {"name": "Anonymous Pesarese 15th Century", "date": "unknown", "country": "unknown"}][{"name": "Anonymous Pisan 14th Century", "date": "unknown", "country": "unknown"}, {"name": "Anonymous Polish 15th Century", "date": "unknown", "country": "unknown"}, {"name": "Anonymous Portuguese 15th Century", "date": "unknown", "country": "unknown"}, {"name": "Anonymous Rhenish 12th Century", "date": "unknown", "country": "unknown"}, {"name": "Anonymous Rhenish 15th Century", "date": "unknown", "country": "unknown"}, {"name": "Anonymous Roman 15th Century", "date": "unknown", "country": "unknown"}, {"name": "Anonymous Roman 16th Century", "date": "unknown", "country": "unknown"}, {"name": "Anonymous Roman 17th Century", "date": "unknown", "country": "unknown"}, {"name": "Anonymous Roman 18th/19th Century", "date": "unknown", "country": "unknown"}, {"name": "Anonymous Roman 18th Century", "date": "unknown", "country": "unknown"}, {"name": "Anonymous Roman 1st Century", "date": "unknown", "country": "unknown"}, {"name": "Anonymous Roman 1st Century B.C./1st Century A.D.", "date": "unknown", "country": "unknown"}, {"name": "Anonymous Roman 2nd Century", "date": "unknown", "country": "unknown"}, {"name": "Anonymous Roman 2nd Century B.C./1st Century A.D.", "date": "unknown", "country": "unknown"}, {"name": "Anonymous Roman 3rd Century", "date": "unknown", "country": "unknown"}, {"name": "Anonymous Russian 16th Century", "date": "unknown", "country": "unknown"}, {"name": "Anonymous Russian 19th Century", "date": "unknown", "country": "unknown"}, {"name": "Anonymous Russian 20th Century", "date": "unknown", "country": "unknown"}, {"name": "Anonymous Savoy 16th Century", "date": "unknown", "country": "unknown"}, {"name": "Anonymous Scandinavian 13th Century", "date": "unknown", "country": "unknown"}, {"name": "Anonymous Sienese 16th Century", "date": "unknown", "country": "unknown"}, {"name": "Anonymous South German 16th Century", "date": "unknown", "country": "unknown"}, {"name": "Anonymous South German 17th Century", "date": "unknown", "country": "unknown"}, {"name": "Anonymous South Netherlandish 15th Century", "date": "unknown", "country": "unknown"}, {"name": "Anonymous South Netherlandish 17th Century", "date": "unknown", "country": "unknown"}, {"name": "Anonymous Spanish 12th Century", "date": "unknown", "country": "unknown"}, {"name": "Anonymous Spanish 14th Century", "date": "unknown", "country": "unknown"}, {"name": "Anonymous Spanish 15th Century", "date": "unknown", "country": "unknown"}, {"name": "Anonymous Spanish 16th Century", "date": "unknown", "country": "unknown"}][{"name": "Anonymous Spanish 17th Century", "date": "unknown", "country": "unknown"}, {"name": "Anonymous Swabian 15th Century", "date": "unknown", "country": "unknown"}, {"name": "Anonymous Swiss 16th Century", "date": "unknown", "country": "unknown"}, {"name": "Anonymous Swiss 17th Century", "date": "unknown", "country": "unknown"}, {"name": "Anonymous Swiss 19th Century", "date": "unknown", "country": "unknown"}, {"name": "Anonymous Turin 16th Century", "date": "unknown", "country": "unknown"}, {"name": "Anonymous Turkish 18th Century", "date": "unknown", "country": "unknown"}, {"name": "Anonymous Tuscan 14th Century", "date": "unknown", "country": "unknown"}, {"name": "Anonymous Tuscan 15th Century", "date": "unknown", "country": "unknown"}, {"name": "Anonymous Tuscan 16th Century", "date": "unknown", "country": "unknown"}, {"name": "Anonymous Tyrolean 15th Century", "date": "unknown", "country": "unknown"}, {"name": "Anonymous Tyrolean 16th Century", "date": "unknown", "country": "unknown"}, {"name": "Anonymous Unknown 16th Century", "date": "unknown", "country": "unknown"}, {"name": "Anonymous Unknown 18th Century", "date": "unknown", "country": "unknown"}, {"name": "Anonymous Unknown 19th Century", "date": "unknown", "country": "unknown"}, {"name": "Anonymous Unknown 20th Century", "date": "unknown", "country": "unknown"}, {"name": "Anonymous Urbino 16th Century", "date": "unknown", "country": "unknown"}, {"name": "Anonymous Venetian 14th Century", "date": "unknown", "country": "unknown"}, {"name": "Anonymous Venetian 15th Century", "date": "unknown", "country": "unknown"}, {"name": "Anonymous Venetian 16th Century", "date": "unknown", "country": "unknown"}, {"name": "Anonymous Venetian 17th Century", "date": "unknown", "country": "unknown"}, {"name": "Anonymous Veneto-Islamic 16th Century", "date": "unknown", "country": "unknown"}, {"name": "Anonymous Verona 14th Century", "date": "unknown", "country": "unknown"}, {"name": "Anquetin, Louis", "country": "French", "date": " 1861 - 1932"}, {"name": "Ansaldo, Giovanni Andrea", "country": "Italian", "date": " 1584 - 1638"}, {"name": "Ansano di Pietro di Mencio", "country": "Italian", "date": " 1405 - 1481"}, {"name": "Ansdell, Richard", "country": "British", "date": " 1815 - 1885"}, {"name": "Anse, Luggert van", "country": "Netherlandish", "date": " active 1709 - 1716"}, {"name": "Anselin, Jean-Louis", "country": "French", "date": " 1754 - 1823"}][{"name": "Anselmi, Michelangelo", "country": "Italian", "date": " 1491/1492 - 1554/1556"}, {"name": "Anselmo, Giovanni", "country": "Italian", "date": " born 1934"}, {"name": "Anshutz, Thomas", "country": "American", "date": " 1851 - 1912"}, {"name": "Anshutz, Thomas Pollock", "country": "American", "date": " 1851 - 1912"}, {"name": "Antes, Horst", "country": "German", "date": " born 1936"}, {"name": "Antico", "country": "Italian", "date": " c. 1460 - 1528"}, {"name": "Antico, Pier Jacopo di Antonio Alari Bonacolsi, called", "country": "Italian", "date": " c. 1460 - 1528"}, {"name": "Antique, the", "date": "unknown", "country": "unknown"}, {"name": "Antoine, Andr\u00c3\u00a9", "country": "French", "date": " 1858 - 1943"}, {"name": "Antoine, duc de Montpensier", "country": "French", "date": " 1775 - 1807"}, {"name": "Antonakos, Stephen", "country": "American", "date": " born 1926"}, {"name": "Antonelli, Giuseppe", "country": "Italian", "date": " active first quarter 19th century"}, {"name": "Antonelli, Peter", "country": "American", "date": " active c. 1935"}, {"name": "Antonello da Messina", "country": "Italian", "date": " c. 1430 - 1479"}, {"name": "Antonello della Moneta", "country": "Italian", "date": " active 1454 - 1484"}, {"name": "Antonini, Annapia", "country": "Swiss", "date": " born 1942"}, {"name": "Antonini, Carlo", "country": "Italian", "date": " active 1758/1784"}, {"name": "Antonio da Brescia, Fra", "country": "Italian", "date": " active c. 1485 - 1515"}, {"name": "Antonio da Trento", "country": "Italian", "date": " c. 1508 - 1550 or after"}, {"name": "Antonio d'Enrico", "country": "Italian", "date": " c. 1575 - 1633"}, {"name": "Antreasian, Garo Zareh", "country": "American", "date": " born 1922"}, {"name": "Antrim, William L.", "country": "American", "date": " active c. 1935"}, {"name": "Antunez, Nemesio", "country": "Chilean", "date": " born 1918"}, {"name": "Antwerp 16th Century", "date": "unknown", "country": "unknown"}, {"name": "Anuszkiewicz, Richard", "country": "American", "date": " born 1930"}, {"name": "Ape (pseud.)", "country": "Italian", "date": " 1839 - 1889"}, {"name": "Apianus, Petrus", "country": "German", "date": " 1495 - 1552"}, {"name": "Apollinaire, Guillaume", "country": "French", "date": " 1880 - 1918"}, {"name": "Appel, Karel", "country": "Dutch", "date": " 1921 - 2006"}][{"name": "Appelt, Dieter", "country": "German", "date": " born 1935"}, {"name": "Appian, Adolphe", "country": "French", "date": " 1818 - 1898"}, {"name": "Appian, Jacques Barthelemy", "country": "French", "date": " 1818 - 1898"}, {"name": "Appiani, Andrea", "date": "unknown", "country": "unknown"}, {"name": "Appiani I, Andrea", "country": "Italian", "date": " 1754 - 1817"}, {"name": "Appleby, Anne", "country": "American", "date": " born 1954"}, {"name": "Aquila, Francesco Faraone", "country": "Italian", "date": " c. 1676 - c. 1740"}, {"name": "Aquilano, Pompeo", "country": "Italian", "date": " died 1571"}, {"name": "Arakawa", "country": "American", "date": " born 1936"}, {"name": "Arakawa, Shusaku", "country": "American", "date": " born 1936"}, {"name": "Arber, Robert H.", "country": "American", "date": " born 1942"}, {"name": "Arbo, Arelia", "country": "American", "date": " active c. 1935"}, {"name": "Arbus, Diane", "country": "American", "date": " 1923 - 1971"}, {"name": "Archipenko, Alexander", "country": "American", "date": " 1887 - 1964"}, {"name": "Arcimboldo, Giuseppe", "country": "Italian", "date": " 1526 - 1593"}, {"name": "Ardenti, Agostino", "country": "Italian", "date": " active second half 16th century"}, {"name": "Aretusi, Cesare", "country": "Italian", "date": " active 1586 - 1612"}, {"name": "Argenterio, Bartolomeo", "country": "Italian", "date": " died 1591"}, {"name": "Arima, Michiko", "country": "Japanese (?)", "date": " active 20th century"}, {"name": "Ariosto, Lodovico", "country": "Italian", "date": " 1474 - 1533"}, {"name": "Ariss, Bruce", "country": "American", "date": " 1911 - 1994"}, {"name": "Arita, Takeshi", "country": "active late 20th century", "date": "unknown"}, {"name": "Arland, Marcel", "country": "French", "date": " 1899 - 1986"}, {"name": "Arman", "country": "American", "date": " 1928 - 2005"}, {"name": "Armata, Ludmila", "country": "Polish", "date": " born 1954"}, {"name": "Armin, Emil", "country": "American", "date": " 1883 - 1971"}, {"name": "Armington, Caroline Helena", "country": "French", "date": " 1875 - 1939"}, {"name": "Arms, John Taylor", "country": "American", "date": " 1887 - 1953"}, {"name": "Arnal, Fran\u00c3\u00a7ois", "country": "French", "date": " born 1924"}][{"name": "Arms, John Taylor", "country": "American", "date": " 1887 - 1953"}, {"name": "Arnal, Fran\u00e7ois", "country": "French", "date": " born 1924"}, {"name": "Arnaud, Aloysio", "country": "French", "date": " active c. 1825/1846"}, {"name": "Arndt, Gertrud", "country": "German", "date": " 1903 - 2000"}, {"name": "Arn\u00e9ra, H.", "country": "French", "date": " active 20th century"}, {"name": "Arnest, Bernard Patrick", "country": "American", "date": " 1917 - 1986"}, {"name": "Arnold, A. Grant", "country": "American", "date": " 1904 - 1988"}, {"name": "Arnold, Brooks", "country": "American", "date": "unknown"}, {"name": "Arnold, James Irza", "country": "American", "date": " 1887 - 1965"}, {"name": "Arnold, Madeline", "country": "American", "date": " active c. 1935"}, {"name": "Arnoldi, Charles", "country": "American", "date": " born 1946"}, {"name": "Arnout, Jean-Baptiste", "country": "French", "date": " 1788 - after 1865"}, {"name": "Arntz, Gerd", "country": "German", "date": " 1900 - 1988"}, {"name": "Arondeaux, Regnier", "country": "Flemish", "date": " active 1678/1702"}, {"name": "Aronson, Grambs", "country": "American", "date": " 1916 - 2010"}, {"name": "Aronson, Irene", "country": "American", "date": " born 1918"}, {"name": "Arp, Hans", "date": " 1886 - 1966", "country": "French born Germany (Alsace)"}, {"name": "Arp, Jean", "date": " 1886 - 1966", "country": "French born Germany (Alsace)"}, {"name": "Arpino, Cavaliere d'", "country": "Italian", "date": " 1568 - 1640"}, {"name": "Arquin, Florence", "country": "American", "date": " 1900 - 1974"}, {"name": "Artaria, Domenico", "country": "German", "date": " active late 18th century"}, {"name": "Arteaga, Francisco de", "country": "Spanish", "date": " active 1671"}, {"name": "Arteaga y Alfaro, Matias", "country": "Spanish", "date": " c. 1630 - 1703"}, {"name": "Artist Unknown", "date": "unknown", "country": "unknown"}, {"name": "Artman, Jean", "country": "American", "date": " 1887 - 1953"}, {"name": "Artois, Jacques d'", "country": "Flemish", "date": " 1613 - 1686"}, {"name": "Artsay, N.", "country": "Unknown", "date": " active probably 19th century"}, {"name": "Artschwager, Richard", "country": "American", "date": " born 1923"}, {"name": "Artvelt, Andries van", "country": "Flemish", "date": " 1590 - 1652"}][{"name": "Artzybasheff, Boris", "country": "American", "date": " 1899 - 1965"}, {"name": "Asam, Cosmas Damian", "country": "German", "date": " 1686 - 1739"}, {"name": "Asam, Egid Quirin", "country": "German", "date": " 1692 - 1750"}, {"name": "Asawa, Ruth", "country": "American", "date": " born 1926"}, {"name": "Ascensius, Jodocus Badius", "country": "1462 - 1535", "date": "unknown"}, {"name": "Aschheim, Eve", "country": "American", "date": " born 1958"}, {"name": "Ascian", "country": "American", "date": " born 1943"}, {"name": "Ashbery, John", "country": "American", "date": " born 1927"}, {"name": "Ashby, William Jr.", "country": "American", "date": " 1879 - 1944"}, {"name": "Ashton, Ethel V.", "country": "American", "date": " 1896 - 1975"}, {"name": "Askin, Walter Miller", "country": "American", "date": " born 1929"}, {"name": "Aslund, Acke", "country": "Swedish", "date": " 1881 - 1958"}, {"name": "Asne, Michel l'", "country": "French", "date": " 1590 or before - 1667"}, {"name": "Aspertini, Amico", "country": "Italian", "date": " 1474/1475 - 1552"}, {"name": "Aspetti, Tiziano", "country": "Italian", "date": " 1557/1559 - 1606"}, {"name": "Asselijn, Jan", "country": "Dutch", "date": " c. 1610 - 1652"}, {"name": "Assereto, Gioacchino", "country": "Italian", "date": " 1600 - 1649"}, {"name": "Ast, Balthasar van der", "country": "Dutch", "date": " 1593/1594 - 1657"}, {"name": "Atget, Eug\u00e8ne", "country": "French", "date": " 1857 - 1927"}, {"name": "Atget, Jean Eug\u00e8ne Auguste", "country": "French", "date": " 1857 - 1927"}, {"name": "Atkins, Anna", "country": "British", "date": " 1799 - 1871"}, {"name": "Atkins, Florence Elizabeth", "country": "American", "date": " active c. 1936"}, {"name": "Atkinson, Isaac", "country": "British", "date": " 1813 - 1877"}, {"name": "Atkinson, Ralph", "country": "American", "date": " active c. 1935"}, {"name": "Atkinson, Randolph", "country": "American", "date": " active c. 1935"}, {"name": "Attiret, Jean-Denis", "country": "French", "date": " 1702 - 1768"}, {"name": "Atwater, Lyman W.", "country": "American", "date": "unknown"}, {"name": "Aubelin, M. Io. Albert", "date": "unknown", "country": "unknown"}, {"name": "Aubert", "date": "unknown", "country": "unknown"}][{"name": "Auberty, Jacqueline", "country": "French", "date": "unknown"}, {"name": "Aubry, Abraham", "country": "French", "date": " active 1650/1682"}, {"name": "Aubry, Etienne", "country": "French", "date": " 1745 - 1781"}, {"name": "Aubry, Pierre", "country": "French", "date": " 1610 - 1686"}, {"name": "Aubusson Tapestry Factory, Atelier Braquenie", "country": "French", "date": " active 20th century"}, {"name": "Aubusson Tapestry Factory, Atelier Picaud", "country": "French", "date": " active 20th century"}, {"name": "Aubusson Tapestry Factory, Atelier Tabard", "country": "French", "date": " active 20th century"}, {"name": "Audenaerd, Robert van", "country": "Flemish", "date": " 1663 - 1743"}, {"name": "Auden-Aert, Robert van", "country": "Flemish", "date": " 1663 - 1743"}, {"name": "Audette, Anna Held", "country": "American", "date": " born c. 1939"}, {"name": "Audiganne, Armand", "country": "French", "date": " 1814 - 1875"}, {"name": "Audran, Beno\u00eet", "country": "French", "date": " 1661 - 1721"}, {"name": "Audran, Beno\u00eet", "country": "French", "date": " 1698 - 1772"}, {"name": "Audran, G\u00e9rard", "country": "French", "date": " 1640 - 1703"}, {"name": "Audran, Jean", "country": "French", "date": " 1667 - 1756"}, {"name": "Audran I, Beno\u00eet", "country": "French", "date": " 1661 - 1721"}, {"name": "Audran II, Beno\u00eet", "country": "French", "date": " 1698 - 1772"}, {"name": "Audran III, Claude", "country": "French", "date": " 1658 - 1734"}, {"name": "Audubon, John James", "country": "American", "date": " 1785 - 1851"}, {"name": "Audubon, John Woodhouse", "country": "American", "date": " 1812 - 1862"}, {"name": "Auer, Magda Felicitas", "country": "German", "date": " born 1902"}, {"name": "Auerbach, Frank", "country": "British", "date": " born 1931"}, {"name": "Auerbach, Frank Helmuth", "country": "British", "date": " born 1931"}, {"name": "Auerbach-Levy, William", "country": "American", "date": " 1889 - 1964"}, {"name": "Aufray de Roc' Bhian, Alphonse-Edouard-Enguerand", "country": "French", "date": " 1833 - 1887"}, {"name": "Augsburg 15th Century", "date": "unknown", "country": "unknown"}, {"name": "Augsburg 16th Century", "date": "unknown", "country": "unknown"}, {"name": "Auguste, Henri", "country": "French", "date": " born 1759"}, {"name": "Auguste, Jules-Robert", "country": "French", "date": " 1789 - 1850"}][{"name": "Auguste Giraudon's Artist", "country": "French", "date": " active 1870s"}, {"name": "Aull, Robert", "date": "unknown", "country": "unknown"}, {"name": "Ault, George", "country": "American", "date": " 1891 - 1948"}, {"name": "Auriol, George", "country": "French", "date": " 1863 - 1938"}, {"name": "Aury, Pierre", "country": "Dutch", "date": " active 1672"}, {"name": "Aury, Pierre F.(?)", "country": "Dutch", "date": " active 1672"}, {"name": "Austen, John", "country": "British", "date": " 1886 - 1948"}, {"name": "Austin, Diedre", "country": "second half 20th century", "date": "unknown"}, {"name": "Austin, Frederick George", "country": "British", "date": " born 1902"}, {"name": "Austin, Ralph", "country": "American", "date": " 1912 - 1997"}, {"name": "Austin, Robert Sargent", "country": "British", "date": " 1895 - 1973"}, {"name": "Austrian 12th Century", "date": "unknown", "country": "unknown"}, {"name": "Austrian 14th Century", "date": "unknown", "country": "unknown"}, {"name": "Austrian 15th Century", "date": "unknown", "country": "unknown"}, {"name": "Austrian 16th Century", "date": "unknown", "country": "unknown"}, {"name": "Austrian 17th Century", "date": "unknown", "country": "unknown"}, {"name": "Austrian 18th Century", "date": "unknown", "country": "unknown"}, {"name": "Auvil, Kenneth William", "country": "American", "date": " 1925 - 1999"}, {"name": "Auvray, Pierre-Laurent", "country": "French", "date": " born 1736"}, {"name": "Auwercx, Albert", "country": "Flemish", "date": " active 1657/1680"}, {"name": "Avati, Mario", "country": "French", "date": " born 1921"}, {"name": "Aved, Jacques-Andre-Joseph-Camelot", "country": "French", "date": " 1702 - 1766"}, {"name": "Avedisian, Edward", "country": "American", "date": " born 1936"}, {"name": "Aveline, Antoine", "country": "French", "date": " 1691 - 1743"}, {"name": "Aveline, Francois-Antoine", "country": "French", "date": " 1727 - 1780"}, {"name": "Aveline, Pierre-Alexandre", "country": "French", "date": " probably 1702 - 1760"}, {"name": "Avelli, Francesco Xanto", "country": "Italian", "date": " active 1530/1542"}, {"name": "Avercamp, Hendrick", "country": "Dutch", "date": " 1585 - 1634"}, {"name": "Averlino, Antonio", "country": "Italian", "date": " c. 1400 - 1469"}]